typeCode,freqCode,refPeriodId,refYear,refMonth,period,reporterCode,reporterISO,reporterDesc,flowCode,flowDesc,partnerCode,partnerISO,partnerDesc,partner2Code,partner2ISO,partner2Desc,classificationCode,classificationSearchCode,isOriginalClassification,cmdCode,cmdDesc,aggrLevel,isLeaf,customsCode,customsDesc,mosCode,motCode,motDesc,qtyUnitCode,qtyUnitAbbr,qty,isQtyEstimated,altQtyUnitCode,altQtyUnitAbbr,altQty,isAltQtyEstimated,netWgt,isNetWgtEstimated,grossWgt,isGrossWgtEstimated,cifvalue,fobvalue,primaryValue,legacyEstimationFlag,isReported,isAggregate,year
C,A,20200101,2020,52,2020,24,AGO,Angola,X,Export,826,GBR,United Kingdom,0,W00,World,H5,HS,True,70960,"Vegetables; fruits of the genus capsicum or of the genus pimenta, fresh or chilled",6,True,C00,TOTAL CPC,0,0,TOTAL MOT,8,kg,23.0,False,8,kg,23.0,False,23.0,False,0,False,,8.505,8.505,0,False,True,2020
C,A,20200101,2020,52,2020,40,AUT,Austria,X,Export,826,GBR,United Kingdom,0,W00,World,H5,HS,True,70960,"Vegetables; fruits of the genus capsicum or of the genus pimenta, fresh or chilled",6,True,C00,TOTAL CPC,0,0,TOTAL MOT,8,kg,25.0,False,8,kg,25.0,False,25.0,False,0,False,0.0,59.42,59.42,0,True,False,2020
C,A,20200101,2020,52,2020,56,BEL,Belgium,X,Export,826,GBR,United Kingdom,0,W00,World,H5,HS,True,70960,"Vegetables; fruits of the genus capsicum or of the genus pimenta, fresh or chilled",6,True,C00,TOTAL CPC,0,0,TOTAL MOT,8,kg,4060349.77,False,8,kg,4060349.77,False,4060349.77,False,0,False,,7245039.781,7245039.781,0,True,False,2020
C,A,20200101,2020,52,2020,76,BRA,Brazil,X,Export,826,GBR,United Kingdom,0,W00,World,H5,HS,True,70960,"Vegetables; fruits of the genus capsicum or of the genus pimenta, fresh or chilled",6,True,C00,TOTAL CPC,0,0,TOTAL MOT,8,kg,28345.0,False,8,kg,28345.0,False,28331.0,False,0,False,,35566.0,35566.0,0,False,True,2020
C,A,20200101,2020,52,2020,100,BGR,Bulgaria,X,Export,826,GBR,United Kingdom,0,W00,World,H5,HS,True,70960,"Vegetables; fruits of the genus capsicum or of the genus pimenta, fresh or chilled",6,True,C00,TOTAL CPC,0,0,TOTAL MOT,8,kg,158382.0,False,8,kg,158382.0,False,158382.0,False,0,False,0.0,627139.827,627139.827,0,False,True,2020
C,A,20200101,2020,52,2020,104,MMR,Myanmar,X,Export,826,GBR,United Kingdom,0,W00,World,H5,HS,True,70960,"Vegetables; fruits of the genus capsicum or of the genus pimenta, fresh or chilled",6,True,C00,TOTAL CPC,0,0,TOTAL MOT,8,kg,100.0,False,8,kg,100.0,False,100.0,False,0,False,,130.0,130.0,0,False,True,2020
C,A,20200101,2020,52,2020,152,CHL,Chile,X,Export,826,GBR,United Kingdom,0,W00,World,H5,HS,True,70960,"Vegetables; fruits of the genus capsicum or of the genus pimenta, fresh or chilled",6,True,C00,TOTAL CPC,0,0,TOTAL MOT,8,kg,287.0,False,8,kg,287.0,False,287.0,False,0,False,0.0,1786.0,1786.0,0,True,False,2020
C,A,20200101,2020,52,2020,203,CZE,Czechia,X,Export,826,GBR,United Kingdom,0,W00,World,H5,HS,True,70960,"Vegetables; fruits of the genus capsicum or of the genus pimenta, fresh or chilled",6,True,C00,TOTAL CPC,0,0,TOTAL MOT,8,kg,18680.0,False,8,kg,18680.0,False,18680.0,False,0,False,0.0,27396.0,27396.0,0,False,True,2020
C,A,20200101,2020,52,2020,214,DOM,Dominican Rep.,X,Export,826,GBR,United Kingdom,0,W00,World,H5,HS,True,70960,"Vegetables; fruits of the genus capsicum or of the genus pimenta, fresh or chilled",6,True,C00,TOTAL CPC,0,0,TOTAL MOT,8,kg,39744.76,False,8,kg,39744.76,False,40170.36,False,0,False,,101033.53,101033.53,0,False,True,2020
C,A,20200101,2020,52,2020,251,FRA,France,X,Export,826,GBR,United Kingdom,0,W00,World,H5,HS,True,70960,"Vegetables; fruits of the genus capsicum or of the genus pimenta, fresh or chilled",6,True,C00,TOTAL CPC,0,0,TOTAL MOT,8,kg,3272170.0,False,8,kg,3272170.0,False,3272170.0,False,0,False,,6203918.824,6203918.824,0,False,True,2020
C,A,20200101,2020,52,2020,270,GMB,Gambia,X,Export,826,GBR,United Kingdom,0,W00,World,H4,HS,True,70960,"Vegetables; fruits of the genus capsicum or of the genus pimenta, fresh or chilled",6,True,C00,TOTAL CPC,0,0,TOTAL MOT,-1,N/A,0.0,True,8,kg,960050.0,False,1841.56,True,0,False,0.0,3779.354,3779.354,6,False,True,2020
C,A,20200101,2020,52,2020,276,DEU,Germany,X,Export,826,GBR,United Kingdom,0,W00,World,H5,HS,True,70960,"Vegetables; fruits of the genus capsicum or of the genus pimenta, fresh or chilled",6,True,C00,TOTAL CPC,0,0,TOTAL MOT,8,kg,2119759.0,False,8,kg,2119759.0,False,2119759.0,False,0,False,0.0,3703358.655,3703358.655,0,False,True,2020
C,A,20200101,2020,52,2020,300,GRC,Greece,X,Export,826,GBR,United Kingdom,0,W00,World,H5,HS,True,70960,"Vegetables; fruits of the genus capsicum or of the genus pimenta, fresh or chilled",6,True,C00,TOTAL CPC,0,0,TOTAL MOT,8,kg,1234997.0,False,8,kg,1234997.0,False,1234997.0,False,0,False,0.0,2850318.137,2850318.137,0,False,True,2020
C,A,20200101,2020,52,2020,340,HND,Honduras,X,Export,826,GBR,United Kingdom,0,W00,World,H5,HS,True,70960,"Vegetables; fruits of the genus capsicum or of the genus pimenta, fresh or chilled",6,True,C00,TOTAL CPC,0,0,TOTAL MOT,8,kg,2715.0,False,8,kg,2715.0,False,2715.0,False,0,False,0.0,7938.0,7938.0,0,True,False,2020
C,A,20200101,2020,52,2020,348,HUN,Hungary,X,Export,826,GBR,United Kingdom,0,W00,World,H5,HS,True,70960,"Vegetables; fruits of the genus capsicum or of the genus pimenta, fresh or chilled",6,True,C00,TOTAL CPC,0,0,TOTAL MOT,8,kg,19858.0,False,8,kg,19858.0,False,19858.0,False,0,False,0.0,60818.0,60818.0,0,False,True,2020
C,A,20200101,2020,52,2020,364,IRN,Iran,X,Export,826,GBR,United Kingdom,0,W00,World,H5,HS,True,70960,"Vegetables; fruits of the genus capsicum or of the genus pimenta, fresh or chilled",6,True,C00,TOTAL CPC,0,0,TOTAL MOT,8,kg,600.0,False,8,kg,600.0,False,600.0,False,0,False,,324.0,324.0,0,True,False,2020
C,A,20200101,2020,52,2020,372,IRL,Ireland,X,Export,826,GBR,United Kingdom,0,W00,World,H5,HS,True,70960,"Vegetables; fruits of the genus capsicum or of the genus pimenta, fresh or chilled",6,True,C00,TOTAL CPC,0,0,TOTAL MOT,8,kg,186488.0,False,8,kg,186488.0,False,186488.0,False,0,False,0.0,587092.171,587092.171,0,True,False,2020
C,A,20200101,2020,52,2020,376,ISR,Israel,X,Export,826,GBR,United Kingdom,0,W00,World,H5,HS,True,70960,"Vegetables; fruits of the genus capsicum or of the genus pimenta, fresh or chilled",6,True,C00,TOTAL CPC,0,0,TOTAL MOT,8,kg,1787787.653,True,-1,N/A,0.0,False,1787787.653,True,0,False,0.0,3669000.0,3669000.0,6,True,False,2020
C,A,20200101,2020,52,2020,380,ITA,Italy,X,Export,826,GBR,United Kingdom,0,W00,World,H5,HS,True,70960,"Vegetables; fruits of the genus capsicum or of the genus pimenta, fresh or chilled",6,True,C00,TOTAL CPC,0,0,TOTAL MOT,8,kg,152561.0,False,8,kg,152561.0,False,152561.0,False,0,False,,331276.817,331276.817,0,True,False,2020
C,A,20200101,2020,52,2020,388,JAM,Jamaica,X,Export,826,GBR,United Kingdom,0,W00,World,H5,HS,True,70960,"Vegetables; fruits of the genus capsicum or of the genus pimenta, fresh or chilled",6,True,C00,TOTAL CPC,0,0,TOTAL MOT,8,kg,39519.2,False,8,kg,39519.2,False,39519.2,False,0,False,0.0,98983.71,98983.71,0,True,False,2020
C,A,20200101,2020,52,2020,404,KEN,Kenya,X,Export,826,GBR,United Kingdom,0,W00,World,H5,HS,True,70960,"Vegetables; fruits of the genus capsicum or of the genus pimenta, fresh or chilled",6,True,C00,TOTAL CPC,0,0,TOTAL MOT,8,kg,328873.0,False,8,kg,328873.0,False,328873.0,False,0,False,,705034.344,705034.344,0,False,True,2020
C,A,20200101,2020,52,2020,428,LVA,Latvia,X,Export,826,GBR,United Kingdom,0,W00,World,H5,HS,True,70960,"Vegetables; fruits of the genus capsicum or of the genus pimenta, fresh or chilled",6,True,C00,TOTAL CPC,0,0,TOTAL MOT,8,kg,1.508,True,-1,N/A,0.0,False,1.508,True,0,False,,3.427,3.427,6,False,True,2020
C,A,20200101,2020,52,2020,440,LTU,Lithuania,X,Export,826,GBR,United Kingdom,0,W00,World,H5,HS,True,70960,"Vegetables; fruits of the genus capsicum or of the genus pimenta, fresh or chilled",6,True,C00,TOTAL CPC,0,0,TOTAL MOT,8,kg,12.396,False,8,kg,12.396,False,12.396,False,0,False,,29.0,29.0,0,True,False,2020
C,A,20200101,2020,52,2020,484,MEX,Mexico,X,Export,826,GBR,United Kingdom,0,W00,World,H4,HS,True,70960,"Vegetables; fruits of the genus capsicum or of the genus pimenta, fresh or chilled",6,True,C00,TOTAL CPC,0,0,TOTAL MOT,8,kg,131643.666,True,-1,N/A,0.0,False,131643.666,True,0,False,,245873.0,245873.0,6,False,True,2020
C,A,20200101,2020,52,2020,504,MAR,Morocco,X,Export,826,GBR,United Kingdom,0,W00,World,H5,HS,True,70960,"Vegetables; fruits of the genus capsicum or of the genus pimenta, fresh or chilled",6,True,C00,TOTAL CPC,0,0,TOTAL MOT,8,kg,910993.5,False,8,kg,910993.5,False,910993.5,False,0,False,0.0,1876403.026,1876403.026,0,True,False,2020
C,A,20200101,2020,52,2020,508,MOZ,Mozambique,X,Export,826,GBR,United Kingdom,0,W00,World,H5,HS,True,70960,"Vegetables; fruits of the genus capsicum or of the genus pimenta, fresh or chilled",6,True,C00,TOTAL CPC,0,0,TOTAL MOT,8,kg,44.0,False,8,kg,44.0,False,44.0,False,0,False,,122.23,122.23,0,False,True,2020
C,A,20200101,2020,52,2020,512,OMN,Oman,X,Export,826,GBR,United Kingdom,0,W00,World,H5,HS,True,70960,"Vegetables; fruits of the genus capsicum or of the genus pimenta, fresh or chilled",6,True,C00,TOTAL CPC,0,0,TOTAL MOT,8,kg,250.0,False,8,kg,250.0,False,250.0,False,0,False,,2803.641,2803.641,0,True,False,2020
C,A,20200101,2020,52,2020,528,NLD,Netherlands,X,Export,826,GBR,United Kingdom,0,W00,World,H5,HS,True,70960,"Vegetables; fruits of the genus capsicum or of the genus pimenta, fresh or chilled",6,True,C00,TOTAL CPC,0,0,TOTAL MOT,8,kg,110938251.0,False,8,kg,110938251.0,False,110938251.0,False,0,False,0.0,262311692.849,262311692.849,0,True,False,2020
C,A,20200101,2020,52,2020,586,PAK,Pakistan,X,Export,826,GBR,United Kingdom,0,W00,World,H5,HS,True,70960,"Vegetables; fruits of the genus capsicum or of the genus pimenta, fresh or chilled",6,True,C00,TOTAL CPC,0,0,TOTAL MOT,8,kg,28663.0,False,8,kg,28663.0,False,28663.0,False,0,False,0.0,47566.944,47566.944,0,True,False,2020
C,A,20200101,2020,52,2020,604,PER,Peru,X,Export,826,GBR,United Kingdom,0,W00,World,H5,HS,True,70960,"Vegetables; fruits of the genus capsicum or of the genus pimenta, fresh or chilled",6,True,C00,TOTAL CPC,0,0,TOTAL MOT,8,kg,4243.57,False,8,kg,4243.57,False,4243.57,False,0,False,0.0,14600.0,14600.0,0,True,False,2020
C,A,20200101,2020,52,2020,616,POL,Poland,X,Export,826,GBR,United Kingdom,0,W00,World,H5,HS,True,70960,"Vegetables; fruits of the genus capsicum or of the genus pimenta, fresh or chilled",6,True,C00,TOTAL CPC,0,0,TOTAL MOT,8,kg,1216178.0,False,8,kg,1216178.0,False,1216178.0,False,0,False,0.0,1620220.0,1620220.0,0,True,False,2020
C,A,20200101,2020,52,2020,620,PRT,Portugal,X,Export,826,GBR,United Kingdom,0,W00,World,H5,HS,True,70960,"Vegetables; fruits of the genus capsicum or of the genus pimenta, fresh or chilled",6,True,C00,TOTAL CPC,0,0,TOTAL MOT,8,kg,67117.0,False,8,kg,67117.0,False,67117.0,False,0,False,,157777.244,157777.244,0,False,True,2020
C,A,20200101,2020,52,2020,642,ROU,Romania,X,Export,826,GBR,United Kingdom,0,W00,World,H5,HS,True,70960,"Vegetables; fruits of the genus capsicum or of the genus pimenta, fresh or chilled",6,True,C00,TOTAL CPC,0,0,TOTAL MOT,8,kg,19088.304,True,8,kg,19088.0,False,19088.304,True,0,False,0.0,32532.22,32532.22,6,False,True,2020
C,A,20200101,2020,52,2020,646,RWA,Rwanda,X,Export,826,GBR,United Kingdom,0,W00,World,H4,HS,True,70960,"Vegetables; fruits of the genus capsicum or of the genus pimenta, fresh or chilled",6,True,C00,TOTAL CPC,0,0,TOTAL MOT,8,kg,188079.4,False,8,kg,188079.4,False,188079.4,False,0,False,,481428.0,481428.0,0,True,False,2020
C,A,20200101,2020,52,2020,662,LCA,Saint Lucia,X,Export,826,GBR,United Kingdom,0,W00,World,H4,HS,True,70960,"Vegetables; fruits of the genus capsicum or of the genus pimenta, fresh or chilled",6,True,C00,TOTAL CPC,0,0,TOTAL MOT,8,kg,647.0,False,8,kg,647.0,False,647.0,False,0,False,0.0,1028.17,1028.17,0,True,False,2020
C,A,20200101,2020,52,2020,686,SEN,Senegal,X,Export,826,GBR,United Kingdom,0,W00,World,H5,HS,True,70960,"Vegetables; fruits of the genus capsicum or of the genus pimenta, fresh or chilled",6,True,C00,TOTAL CPC,0,0,TOTAL MOT,8,kg,800706.0,False,8,kg,800706.0,False,800706.0,False,0,False,0.0,1957887.293,1957887.293,0,True,False,2020
C,A,20200101,2020,52,2020,699,IND,India,X,Export,826,GBR,United Kingdom,0,W00,World,H5,HS,True,70960,"Vegetables; fruits of the genus capsicum or of the genus pimenta, fresh or chilled",6,True,C00,TOTAL CPC,0,0,TOTAL MOT,8,kg,1787122.0,False,8,kg,1787122.0,False,1787122.0,False,0,False,0.0,2786441.08,2786441.08,0,True,False,2020
C,A,20200101,2020,52,2020,703,SVK,Slovakia,X,Export,826,GBR,United Kingdom,0,W00,World,H5,HS,True,70960,"Vegetables; fruits of the genus capsicum or of the genus pimenta, fresh or chilled",6,True,C00,TOTAL CPC,0,0,TOTAL MOT,8,kg,8807.0,False,8,kg,8807.0,False,8807.0,False,0,False,,38150.489,38150.489,0,False,True,2020
C,A,20200101,2020,52,2020,704,VNM,Viet Nam,X,Export,826,GBR,United Kingdom,0,W00,World,H5,HS,True,70960,"Vegetables; fruits of the genus capsicum or of the genus pimenta, fresh or chilled",6,True,C00,TOTAL CPC,0,0,TOTAL MOT,8,kg,1778.53,True,-1,N/A,0.0,False,1778.53,True,0,False,0.0,3650.0,3650.0,6,True,False,2020
C,A,20200101,2020,52,2020,705,SVN,Slovenia,X,Export,826,GBR,United Kingdom,0,W00,World,H5,HS,True,70960,"Vegetables; fruits of the genus capsicum or of the genus pimenta, fresh or chilled",6,True,C00,TOTAL CPC,0,0,TOTAL MOT,8,kg,79132.0,False,8,kg,79132.0,False,79132.0,False,0,False,0.0,336295.48,336295.48,0,False,True,2020
C,A,20200101,2020,52,2020,710,ZAF,South Africa,X,Export,826,GBR,United Kingdom,0,W00,World,H5,HS,True,70960,"Vegetables; fruits of the genus capsicum or of the genus pimenta, fresh or chilled",6,True,C00,TOTAL CPC,0,0,TOTAL MOT,8,kg,19861.6,False,8,kg,19861.6,False,19861.6,False,0,False,0.0,104896.23,104896.23,0,False,True,2020
C,A,20200101,2020,52,2020,724,ESP,Spain,X,Export,826,GBR,United Kingdom,0,W00,World,H5,HS,True,70960,"Vegetables; fruits of the genus capsicum or of the genus pimenta, fresh or chilled",6,True,C00,TOTAL CPC,0,0,TOTAL MOT,8,kg,105031577.0,False,8,kg,105031577.0,False,105031577.0,False,0,False,0.0,163621323.355,163621323.355,0,False,True,2020
C,A,20200101,2020,52,2020,764,THA,Thailand,X,Export,826,GBR,United Kingdom,0,W00,World,H5,HS,True,70960,"Vegetables; fruits of the genus capsicum or of the genus pimenta, fresh or chilled",6,True,C00,TOTAL CPC,0,0,TOTAL MOT,8,kg,143812.0,False,8,kg,143812.0,False,143812.0,False,0,False,,136278.694,136278.694,0,False,True,2020
C,A,20200101,2020,52,2020,780,TTO,Trinidad and Tobago,X,Export,826,GBR,United Kingdom,0,W00,World,H4,HS,True,70960,"Vegetables; fruits of the genus capsicum or of the genus pimenta, fresh or chilled",6,True,C00,TOTAL CPC,0,0,TOTAL MOT,8,kg,8.0,False,8,kg,8.0,False,8.0,False,0,False,0.0,48.141,48.141,0,False,True,2020
C,A,20200101,2020,52,2020,792,TUR,Türkiye,X,Export,826,GBR,United Kingdom,0,W00,World,H5,HS,True,70960,"Vegetables; fruits of the genus capsicum or of the genus pimenta, fresh or chilled",6,True,C00,TOTAL CPC,0,0,TOTAL MOT,8,kg,4839118.0,False,8,kg,4839118.0,False,4839118.0,False,0,False,0.0,7388198.0,7388198.0,0,False,True,2020
C,A,20200101,2020,52,2020,804,UKR,Ukraine,X,Export,826,GBR,United Kingdom,0,W00,World,H5,HS,True,70960,"Vegetables; fruits of the genus capsicum or of the genus pimenta, fresh or chilled",6,True,C00,TOTAL CPC,0,0,TOTAL MOT,8,kg,161.48,False,8,kg,161.48,False,161.48,False,0,False,0.0,602.61,602.61,0,False,True,2020
C,A,20200101,2020,52,2020,818,EGY,Egypt,X,Export,826,GBR,United Kingdom,0,W00,World,H4,HS,True,70960,"Vegetables; fruits of the genus capsicum or of the genus pimenta, fresh or chilled",6,True,C00,TOTAL CPC,0,0,TOTAL MOT,8,kg,284962.554,True,-1,N/A,0.0,False,284962.554,True,0,False,,532229.164,532229.164,6,True,False,2020
C,A,20200101,2020,52,2020,842,USA,USA,X,Export,826,GBR,United Kingdom,0,W00,World,H5,HS,True,70960,"Vegetables; fruits of the genus capsicum or of the genus pimenta, fresh or chilled",6,True,C00,TOTAL CPC,0,0,TOTAL MOT,8,kg,11152.662,True,-1,N/A,0.0,False,11152.662,True,0,False,0.0,28943.0,28943.0,6,True,False,2020
C,A,20200101,2020,52,2020,858,URY,Uruguay,X,Export,826,GBR,United Kingdom,0,W00,World,H5,HS,True,70960,"Vegetables; fruits of the genus capsicum or of the genus pimenta, fresh or chilled",6,True,C00,TOTAL CPC,0,0,TOTAL MOT,8,kg,3165.0,False,8,kg,3165.0,False,3165.0,False,0,False,,10449.0,10449.0,0,False,True,2020
C,A,20210101,2021,52,2021,56,BEL,Belgium,X,Export,826,GBR,United Kingdom,0,W00,World,H5,HS,True,70960,"Vegetables; fruits of the genus capsicum or of the genus pimenta, fresh or chilled",6,True,C00,TOTAL CPC,0,0,TOTAL MOT,8,kg,4566253.0,False,8,kg,4566253.0,False,4566253.0,False,0,False,,7551419.1,7551419.1,0,True,False,2021
C,A,20210101,2021,52,2021,76,BRA,Brazil,X,Export,826,GBR,United Kingdom,0,W00,World,H5,HS,True,70960,"Vegetables; fruits of the genus capsicum or of the genus pimenta, fresh or chilled",6,True,C00,TOTAL CPC,0,0,TOTAL MOT,8,kg,3756.0,False,8,kg,3756.0,False,3718.0,False,0,False,,9191.0,9191.0,0,False,True,2021
C,A,20210101,2021,52,2021,156,CHN,China,X,Export,826,GBR,United Kingdom,0,W00,World,H5,HS,True,70960,"Vegetables; fruits of the genus capsicum or of the genus pimenta, fresh or chilled",6,True,C00,TOTAL CPC,0,0,TOTAL MOT,8,kg,25.0,False,8,kg,25.0,False,25.0,False,0,False,,96.0,96.0,0,True,False,2021
C,A,20210101,2021,52,2021,192,CUB,Cuba,X,Export,826,GBR,United Kingdom,0,W00,World,H5,HS,True,70960,"Vegetables; fruits of the genus capsicum or of the genus pimenta, fresh or chilled",6,True,C00,TOTAL CPC,0,0,TOTAL MOT,8,kg,1046.0,False,8,kg,1046.0,False,1046.0,False,0,False,,2397.72,2397.72,0,True,False,2021
C,A,20210101,2021,52,2021,208,DNK,Denmark,X,Export,826,GBR,United Kingdom,0,W00,World,H5,HS,True,70960,"Vegetables; fruits of the genus capsicum or of the genus pimenta, fresh or chilled",6,True,C00,TOTAL CPC,0,0,TOTAL MOT,8,kg,793.0,False,8,kg,793.0,False,793.0,False,0,False,,3226.123,3226.123,0,True,False,2021
C,A,20210101,2021,52,2021,214,DOM,Dominican Rep.,X,Export,826,GBR,United Kingdom,0,W00,World,H5,HS,True,70960,"Vegetables; fruits of the genus capsicum or of the genus pimenta, fresh or chilled",6,True,C00,TOTAL CPC,0,0,TOTAL MOT,8,kg,38372.68,False,8,kg,38372.68,False,40082.68,False,0,False,,89526.013,89526.013,0,False,True,2021
C,A,20210101,2021,52,2021,251,FRA,France,X,Export,826,GBR,United Kingdom,0,W00,World,H5,HS,True,70960,"Vegetables; fruits of the genus capsicum or of the genus pimenta, fresh or chilled",6,True,C00,TOTAL CPC,0,0,TOTAL MOT,8,kg,4804534.69,True,-1,N/A,0.0,False,4804534.69,True,0,False,,8846049.756,8846049.756,6,False,True,2021
C,A,20210101,2021,52,2021,276,DEU,Germany,X,Export,826,GBR,United Kingdom,0,W00,World,H5,HS,True,70960,"Vegetables; fruits of the genus capsicum or of the genus pimenta, fresh or chilled",6,True,C00,TOTAL CPC,0,0,TOTAL MOT,8,kg,4559.0,False,8,kg,4559.0,False,4559.0,False,0,False,0.0,6882.409,6882.409,0,False,True,2021
C,A,20210101,2021,52,2021,288,GHA,Ghana,X,Export,826,GBR,United Kingdom,0,W00,World,H5,HS,True,70960,"Vegetables; fruits of the genus capsicum or of the genus pimenta, fresh or chilled",6,True,C00,TOTAL CPC,0,0,TOTAL MOT,8,kg,20.0,False,8,kg,20.0,False,174.625,False,0,False,,39.511,39.511,0,False,True,2021
C,A,20210101,2021,52,2021,300,GRC,Greece,X,Export,826,GBR,United Kingdom,0,W00,World,H5,HS,True,70960,"Vegetables; fruits of the genus capsicum or of the genus pimenta, fresh or chilled",6,True,C00,TOTAL CPC,0,0,TOTAL MOT,8,kg,161392.0,False,8,kg,161392.0,False,161392.0,False,0,False,0.0,491892.233,491892.233,0,False,True,2021
C,A,20210101,2021,52,2021,348,HUN,Hungary,X,Export,826,GBR,United Kingdom,0,W00,World,H5,HS,True,70960,"Vegetables; fruits of the genus capsicum or of the genus pimenta, fresh or chilled",6,True,C00,TOTAL CPC,0,0,TOTAL MOT,8,kg,59355.0,False,8,kg,59355.0,False,59355.0,False,0,False,0.0,144737.0,144737.0,0,False,True,2021
C,A,20210101,2021,52,2021,372,IRL,Ireland,X,Export,826,GBR,United Kingdom,0,W00,World,H5,HS,True,70960,"Vegetables; fruits of the genus capsicum or of the genus pimenta, fresh or chilled",6,True,C00,TOTAL CPC,0,0,TOTAL MOT,8,kg,548909.0,False,8,kg,548909.0,False,548909.0,False,0,False,,1605454.062,1605454.062,0,True,False,2021
C,A,20210101,2021,52,2021,376,ISR,Israel,X,Export,826,GBR,United Kingdom,0,W00,World,H5,HS,True,70960,"Vegetables; fruits of the genus capsicum or of the genus pimenta, fresh or chilled",6,True,C00,TOTAL CPC,0,0,TOTAL MOT,8,kg,2129283.399,True,-1,N/A,0.0,False,2129283.399,True,0,False,0.0,4053000.0,4053000.0,6,True,False,2021
C,A,20210101,2021,52,2021,380,ITA,Italy,X,Export,826,GBR,United Kingdom,0,W00,World,H5,HS,True,70960,"Vegetables; fruits of the genus capsicum or of the genus pimenta, fresh or chilled",6,True,C00,TOTAL CPC,0,0,TOTAL MOT,8,kg,243579.0,False,8,kg,243579.0,False,243579.0,False,0,False,,519270.306,519270.306,0,True,False,2021
C,A,20210101,2021,52,2021,388,JAM,Jamaica,X,Export,826,GBR,United Kingdom,0,W00,World,H5,HS,True,70960,"Vegetables; fruits of the genus capsicum or of the genus pimenta, fresh or chilled",6,True,C00,TOTAL CPC,0,0,TOTAL MOT,8,kg,7377.85,False,8,kg,7377.85,False,7377.85,False,0,False,,24512.12,24512.12,0,True,False,2021
C,A,20210101,2021,52,2021,404,KEN,Kenya,X,Export,826,GBR,United Kingdom,0,W00,World,H5,HS,True,70960,"Vegetables; fruits of the genus capsicum or of the genus pimenta, fresh or chilled",6,True,C00,TOTAL CPC,0,0,TOTAL MOT,8,kg,228559.5,False,8,kg,228559.5,False,228559.5,False,0,False,0.0,602575.647,602575.647,0,True,False,2021
C,A,20210101,2021,52,2021,410,KOR,Rep. of Korea,X,Export,826,GBR,United Kingdom,0,W00,World,H5,HS,True,70960,"Vegetables; fruits of the genus capsicum or of the genus pimenta, fresh or chilled",6,True,C00,TOTAL CPC,0,0,TOTAL MOT,8,kg,60.0,False,8,kg,60.0,False,60.0,False,0,False,,544.0,544.0,0,True,False,2021
C,A,20210101,2021,52,2021,480,MUS,Mauritius,X,Export,826,GBR,United Kingdom,0,W00,World,H5,HS,True,70960,"Vegetables; fruits of the genus capsicum or of the genus pimenta, fresh or chilled",6,True,C00,TOTAL CPC,0,0,TOTAL MOT,8,kg,146.0,False,8,kg,146.0,False,146.0,False,0,False,0.0,865.247,865.247,0,False,True,2021
C,A,20210101,2021,52,2021,484,MEX,Mexico,X,Export,826,GBR,United Kingdom,0,W00,World,H5,HS,True,70960,"Vegetables; fruits of the genus capsicum or of the genus pimenta, fresh or chilled",6,True,C00,TOTAL CPC,0,0,TOTAL MOT,8,kg,133278.0,False,8,kg,133278.0,False,133278.0,False,0,False,,163460.0,163460.0,0,False,True,2021
C,A,20210101,2021,52,2021,504,MAR,Morocco,X,Export,826,GBR,United Kingdom,0,W00,World,H5,HS,True,70960,"Vegetables; fruits of the genus capsicum or of the genus pimenta, fresh or chilled",6,True,C00,TOTAL CPC,0,0,TOTAL MOT,8,kg,3403586.5,False,8,kg,3403586.5,False,3403586.5,False,0,False,0.0,6933806.573,6933806.573,0,True,False,2021
C,A,20210101,2021,52,2021,508,MOZ,Mozambique,X,Export,826,GBR,United Kingdom,0,W00,World,H5,HS,True,70960,"Vegetables; fruits of the genus capsicum or of the genus pimenta, fresh or chilled",6,True,C00,TOTAL CPC,0,0,TOTAL MOT,8,kg,20.0,False,8,kg,20.0,False,20.0,False,0,False,,92.77,92.77,0,False,True,2021
C,A,20210101,2021,52,2021,528,NLD,Netherlands,X,Export,826,GBR,United Kingdom,0,W00,World,H5,HS,True,70960,"Vegetables; fruits of the genus capsicum or of the genus pimenta, fresh or chilled",6,True,C00,TOTAL CPC,0,0,TOTAL MOT,8,kg,108322951.0,False,8,kg,108322951.0,False,108394551.0,False,0,False,0.0,272916797.848,272916797.848,0,True,False,2021
C,A,20210101,2021,52,2021,604,PER,Peru,X,Export,826,GBR,United Kingdom,0,W00,World,H5,HS,True,70960,"Vegetables; fruits of the genus capsicum or of the genus pimenta, fresh or chilled",6,True,C00,TOTAL CPC,0,0,TOTAL MOT,8,kg,0.8,False,8,kg,0.8,False,0.8,False,0,False,0.0,0.05,0.05,0,True,False,2021
C,A,20210101,2021,52,2021,616,POL,Poland,X,Export,826,GBR,United Kingdom,0,W00,World,H5,HS,True,70960,"Vegetables; fruits of the genus capsicum or of the genus pimenta, fresh or chilled",6,True,C00,TOTAL CPC,0,0,TOTAL MOT,8,kg,1518391.0,False,8,kg,1518391.0,False,1518391.0,False,0,False,0.0,1814264.0,1814264.0,0,True,False,2021
C,A,20210101,2021,52,2021,620,PRT,Portugal,X,Export,826,GBR,United Kingdom,0,W00,World,H5,HS,True,70960,"Vegetables; fruits of the genus capsicum or of the genus pimenta, fresh or chilled",6,True,C00,TOTAL CPC,0,0,TOTAL MOT,8,kg,194487.24,False,8,kg,194487.24,False,194487.24,False,0,False,,597125.369,597125.369,0,False,True,2021
C,A,20210101,2021,52,2021,642,ROU,Romania,X,Export,826,GBR,United Kingdom,0,W00,World,H5,HS,True,70960,"Vegetables; fruits of the genus capsicum or of the genus pimenta, fresh or chilled",6,True,C00,TOTAL CPC,0,0,TOTAL MOT,8,kg,25056.76,False,8,kg,25056.76,False,25056.76,False,0,False,0.0,32773.38,32773.38,0,False,True,2021
C,A,20210101,2021,52,2021,643,RUS,Russian Federation,X,Export,826,GBR,United Kingdom,0,W00,World,H5,HS,True,70960,"Vegetables; fruits of the genus capsicum or of the genus pimenta, fresh or chilled",6,True,C00,TOTAL CPC,0,0,TOTAL MOT,8,kg,30.0,False,8,kg,30.0,False,30.0,False,0,False,0.0,148.5,148.5,0,True,False,2021
C,A,20210101,2021,52,2021,646,RWA,Rwanda,X,Export,826,GBR,United Kingdom,0,W00,World,H4,HS,True,70960,"Vegetables; fruits of the genus capsicum or of the genus pimenta, fresh or chilled",6,True,C00,TOTAL CPC,0,0,TOTAL MOT,8,kg,199655.5,False,8,kg,199655.5,False,199655.5,False,0,False,,635283.32,635283.32,0,True,False,2021
C,A,20210101,2021,52,2021,686,SEN,Senegal,X,Export,826,GBR,United Kingdom,0,W00,World,H5,HS,True,70960,"Vegetables; fruits of the genus capsicum or of the genus pimenta, fresh or chilled",6,True,C00,TOTAL CPC,0,0,TOTAL MOT,8,kg,1636540.0,False,8,kg,1636540.0,False,1636540.0,False,0,False,0.0,2335259.366,2335259.366,0,False,True,2021
C,A,20210101,2021,52,2021,699,IND,India,X,Export,826,GBR,United Kingdom,0,W00,World,H5,HS,True,70960,"Vegetables; fruits of the genus capsicum or of the genus pimenta, fresh or chilled",6,True,C00,TOTAL CPC,0,0,TOTAL MOT,8,kg,875483.0,False,8,kg,875483.0,False,875483.0,False,0,False,0.0,1425059.56,1425059.56,0,True,False,2021
C,A,20210101,2021,52,2021,703,SVK,Slovakia,X,Export,826,GBR,United Kingdom,0,W00,World,H5,HS,True,70960,"Vegetables; fruits of the genus capsicum or of the genus pimenta, fresh or chilled",6,True,C00,TOTAL CPC,0,0,TOTAL MOT,8,kg,12609.0,False,8,kg,12609.0,False,12609.0,False,0,False,,22192.939,22192.939,0,False,True,2021
C,A,20210101,2021,52,2021,704,VNM,Viet Nam,X,Export,826,GBR,United Kingdom,0,W00,World,H5,HS,True,70960,"Vegetables; fruits of the genus capsicum or of the genus pimenta, fresh or chilled",6,True,C00,TOTAL CPC,0,0,TOTAL MOT,8,kg,1957.836,True,-1,N/A,0.0,False,1957.836,True,0,False,0.0,3726.657,3726.657,6,True,False,2021
C,A,20210101,2021,52,2021,710,ZAF,South Africa,X,Export,826,GBR,United Kingdom,0,W00,World,H5,HS,True,70960,"Vegetables; fruits of the genus capsicum or of the genus pimenta, fresh or chilled",6,True,C00,TOTAL CPC,0,0,TOTAL MOT,8,kg,8041.21,False,8,kg,8041.21,False,8041.21,False,0,False,0.0,45594.267,45594.267,0,False,True,2021
C,A,20210101,2021,52,2021,724,ESP,Spain,X,Export,826,GBR,United Kingdom,0,W00,World,H5,HS,True,70960,"Vegetables; fruits of the genus capsicum or of the genus pimenta, fresh or chilled",6,True,C00,TOTAL CPC,0,0,TOTAL MOT,8,kg,122090537.9,False,8,kg,122090537.9,False,122090537.9,False,0,False,0.0,230998913.61,230998913.61,0,False,True,2021
C,A,20210101,2021,52,2021,764,THA,Thailand,X,Export,826,GBR,United Kingdom,0,W00,World,H5,HS,True,70960,"Vegetables; fruits of the genus capsicum or of the genus pimenta, fresh or chilled",6,True,C00,TOTAL CPC,0,0,TOTAL MOT,8,kg,165667.0,False,8,kg,165667.0,False,165667.0,False,0,False,,154161.278,154161.278,0,False,True,2021
C,A,20210101,2021,52,2021,792,TUR,Türkiye,X,Export,826,GBR,United Kingdom,0,W00,World,H5,HS,True,70960,"Vegetables; fruits of the genus capsicum or of the genus pimenta, fresh or chilled",6,True,C00,TOTAL CPC,0,0,TOTAL MOT,8,kg,5543835.0,False,8,kg,5543835.0,False,5543835.0,False,0,False,,8960226.0,8960226.0,0,False,True,2021
C,A,20210101,2021,52,2021,804,UKR,Ukraine,X,Export,826,GBR,United Kingdom,0,W00,World,H5,HS,True,70960,"Vegetables; fruits of the genus capsicum or of the genus pimenta, fresh or chilled",6,True,C00,TOTAL CPC,0,0,TOTAL MOT,8,kg,509.35,False,8,kg,509.35,False,509.35,False,0,False,0.0,2011.88,2011.88,0,False,True,2021
C,A,20210101,2021,52,2021,818,EGY,Egypt,X,Export,826,GBR,United Kingdom,0,W00,World,H4,HS,True,70960,"Vegetables; fruits of the genus capsicum or of the genus pimenta, fresh or chilled",6,True,C00,TOTAL CPC,0,0,TOTAL MOT,8,kg,406445.2,True,-1,N/A,0.0,False,406445.2,True,0,False,,773651.077,773651.077,6,True,False,2021
C,A,20210101,2021,52,2021,842,USA,USA,X,Export,826,GBR,United Kingdom,0,W00,World,H5,HS,True,70960,"Vegetables; fruits of the genus capsicum or of the genus pimenta, fresh or chilled",6,True,C00,TOTAL CPC,0,0,TOTAL MOT,8,kg,22255.374,True,-1,N/A,0.0,False,22255.374,True,0,False,0.0,33230.0,33230.0,6,True,False,2021
C,A,20210101,2021,52,2021,858,URY,Uruguay,X,Export,826,GBR,United Kingdom,0,W00,World,H5,HS,True,70960,"Vegetables; fruits of the genus capsicum or of the genus pimenta, fresh or chilled",6,True,C00,TOTAL CPC,0,0,TOTAL MOT,8,kg,4209.0,False,8,kg,4209.0,False,4209.0,False,0,False,,12925.0,12925.0,0,False,True,2021
C,A,20220101,2022,52,2022,56,BEL,Belgium,X,Export,826,GBR,United Kingdom,0,W00,World,H6,HS,True,70960,"Vegetables; fruits of the genus capsicum or of the genus pimenta, fresh or chilled",6,True,C00,TOTAL CPC,0,0,TOTAL MOT,8,kg,5662606.5,False,8,kg,5662606.5,False,5662606.5,False,0,False,,10355577.714,10355577.714,0,True,False,2022
C,A,20220101,2022,52,2022,76,BRA,Brazil,X,Export,826,GBR,United Kingdom,0,W00,World,H6,HS,True,70960,"Vegetables; fruits of the genus capsicum or of the genus pimenta, fresh or chilled",6,True,C00,TOTAL CPC,0,0,TOTAL MOT,8,kg,44673.0,False,8,kg,44673.0,False,44691.0,False,0,False,0.0,71704.0,71704.0,0,False,True,2022
C,A,20220101,2022,52,2022,152,CHL,Chile,X,Export,826,GBR,United Kingdom,0,W00,World,H6,HS,True,70960,"Vegetables; fruits of the genus capsicum or of the genus pimenta, fresh or chilled",6,True,C00,TOTAL CPC,0,0,TOTAL MOT,8,kg,862.0,False,8,kg,862.0,False,862.0,False,0,False,,6427.0,6427.0,0,True,False,2022
C,A,20220101,2022,52,2022,156,CHN,China,X,Export,826,GBR,United Kingdom,0,W00,World,H6,HS,True,70960,"Vegetables; fruits of the genus capsicum or of the genus pimenta, fresh or chilled",6,True,C00,TOTAL CPC,0,0,TOTAL MOT,8,kg,555.0,False,8,kg,555.0,False,555.0,False,0,False,,2152.0,2152.0,0,True,False,2022
C,A,20220101,2022,52,2022,192,CUB,Cuba,X,Export,826,GBR,United Kingdom,0,W00,World,H6,HS,True,70960,"Vegetables; fruits of the genus capsicum or of the genus pimenta, fresh or chilled",6,True,C00,TOTAL CPC,0,0,TOTAL MOT,8,kg,9507.767,False,8,kg,9507.767,False,9507.767,False,0,False,,23112.06,23112.06,0,True,False,2022
C,A,20220101,2022,52,2022,208,DNK,Denmark,X,Export,826,GBR,United Kingdom,0,W00,World,H6,HS,True,70960,"Vegetables; fruits of the genus capsicum or of the genus pimenta, fresh or chilled",6,True,C00,TOTAL CPC,0,0,TOTAL MOT,8,kg,10.0,False,8,kg,10.0,False,10.0,False,0,False,,239.181,239.181,0,True,False,2022
C,A,20220101,2022,52,2022,218,ECU,Ecuador,X,Export,826,GBR,United Kingdom,0,W00,World,H5,HS,True,70960,"Vegetables; fruits of the genus capsicum or of the genus pimenta, fresh or chilled",6,True,C00,TOTAL CPC,0,0,TOTAL MOT,8,kg,12.5,False,21,1000 KG,0.013000000000000001,False,12.5,False,0,False,,90.0,90.0,0,False,True,2022
C,A,20220101,2022,52,2022,231,ETH,Ethiopia,X,Export,826,GBR,United Kingdom,0,W00,World,H6,HS,True,70960,"Vegetables; fruits of the genus capsicum or of the genus pimenta, fresh or chilled",6,True,C00,TOTAL CPC,0,0,TOTAL MOT,8,kg,43.2,False,8,kg,43.2,False,43.2,False,0,False,,90.82,90.82,0,True,False,2022
C,A,20220101,2022,52,2022,246,FIN,Finland,X,Export,826,GBR,United Kingdom,0,W00,World,H6,HS,True,70960,"Vegetables; fruits of the genus capsicum or of the genus pimenta, fresh or chilled",6,True,C00,TOTAL CPC,0,0,TOTAL MOT,8,kg,1.0,False,8,kg,1.0,False,1.0,False,0,False,,1.053,1.053,0,False,True,2022
C,A,20220101,2022,52,2022,251,FRA,France,X,Export,826,GBR,United Kingdom,0,W00,World,H6,HS,True,70960,"Vegetables; fruits of the genus capsicum or of the genus pimenta, fresh or chilled",6,True,C00,TOTAL CPC,0,0,TOTAL MOT,8,kg,4384450.0,False,8,kg,4384450.0,False,4384450.0,False,0,False,,8525450.785,8525450.785,0,False,True,2022
C,A,20220101,2022,52,2022,276,DEU,Germany,X,Export,826,GBR,United Kingdom,0,W00,World,H6,HS,True,70960,"Vegetables; fruits of the genus capsicum or of the genus pimenta, fresh or chilled",6,True,C00,TOTAL CPC,0,0,TOTAL MOT,8,kg,2600.0,False,8,kg,2600.0,False,2600.0,False,0,False,,3128.993,3128.993,0,False,True,2022
C,A,20220101,2022,52,2022,300,GRC,Greece,X,Export,826,GBR,United Kingdom,0,W00,World,H6,HS,True,70960,"Vegetables; fruits of the genus capsicum or of the genus pimenta, fresh or chilled",6,True,C00,TOTAL CPC,0,0,TOTAL MOT,8,kg,148917.0,False,8,kg,148917.0,False,148917.0,False,0,False,,441681.24,441681.24,0,False,True,2022
C,A,20220101,2022,52,2022,348,HUN,Hungary,X,Export,826,GBR,United Kingdom,0,W00,World,H6,HS,True,70960,"Vegetables; fruits of the genus capsicum or of the genus pimenta, fresh or chilled",6,True,C00,TOTAL CPC,0,0,TOTAL MOT,8,kg,29717.0,False,8,kg,29717.0,False,29717.0,False,0,False,,103685.0,103685.0,0,False,True,2022
C,A,20220101,2022,52,2022,372,IRL,Ireland,X,Export,826,GBR,United Kingdom,0,W00,World,H6,HS,True,70960,"Vegetables; fruits of the genus capsicum or of the genus pimenta, fresh or chilled",6,True,C00,TOTAL CPC,0,0,TOTAL MOT,8,kg,376644.0,False,8,kg,376644.0,False,376644.0,False,0,False,,1199437.132,1199437.132,0,True,False,2022
C,A,20220101,2022,52,2022,376,ISR,Israel,X,Export,826,GBR,United Kingdom,0,W00,World,H6,HS,True,70960,"Vegetables; fruits of the genus capsicum or of the genus pimenta, fresh or chilled",6,True,C00,TOTAL CPC,0,0,TOTAL MOT,8,kg,1441042.254,True,-1,N/A,0.0,False,1441042.254,True,0,False,,2507000.0,2507000.0,6,True,False,2022
C,A,20220101,2022,52,2022,380,ITA,Italy,X,Export,826,GBR,United Kingdom,0,W00,World,H6,HS,True,70960,"Vegetables; fruits of the genus capsicum or of the genus pimenta, fresh or chilled",6,True,C00,TOTAL CPC,0,0,TOTAL MOT,8,kg,199933.0,False,8,kg,199933.0,False,199933.0,False,0,False,,465218.983,465218.983,0,True,False,2022
C,A,20220101,2022,52,2022,388,JAM,Jamaica,X,Export,826,GBR,United Kingdom,0,W00,World,H6,HS,True,70960,"Vegetables; fruits of the genus capsicum or of the genus pimenta, fresh or chilled",6,True,C00,TOTAL CPC,0,0,TOTAL MOT,8,kg,13694.6,False,8,kg,13694.6,False,13694.6,False,0,False,,64007.55,64007.55,0,True,False,2022
C,A,20220101,2022,52,2022,404,KEN,Kenya,X,Export,826,GBR,United Kingdom,0,W00,World,H6,HS,True,70960,"Vegetables; fruits of the genus capsicum or of the genus pimenta, fresh or chilled",6,True,C00,TOTAL CPC,0,0,TOTAL MOT,8,kg,177767.54,False,8,kg,177767.54,False,177767.54,False,0,False,,356819.602,356819.602,0,True,False,2022
C,A,20220101,2022,52,2022,480,MUS,Mauritius,X,Export,826,GBR,United Kingdom,0,W00,World,H6,HS,True,70960,"Vegetables; fruits of the genus capsicum or of the genus pimenta, fresh or chilled",6,True,C00,TOTAL CPC,0,0,TOTAL MOT,8,kg,364.0,False,8,kg,364.0,False,398.0,False,0,False,,1407.471,1407.471,0,False,True,2022
C,A,20220101,2022,52,2022,504,MAR,Morocco,X,Export,826,GBR,United Kingdom,0,W00,World,H6,HS,True,70960,"Vegetables; fruits of the genus capsicum or of the genus pimenta, fresh or chilled",6,True,C00,TOTAL CPC,0,0,TOTAL MOT,8,kg,4115835.0,False,8,kg,4115835.0,False,4115835.0,False,0,False,,7923349.631,7923349.631,0,True,False,2022
C,A,20220101,2022,52,2022,508,MOZ,Mozambique,X,Export,826,GBR,United Kingdom,0,W00,World,H5,HS,True,70960,"Vegetables; fruits of the genus capsicum or of the genus pimenta, fresh or chilled",6,True,C00,TOTAL CPC,0,0,TOTAL MOT,8,kg,114.0,False,8,kg,114.0,False,114.0,False,0,False,,309.98,309.98,0,False,True,2022
C,A,20220101,2022,52,2022,512,OMN,Oman,X,Export,826,GBR,United Kingdom,0,W00,World,H6,HS,True,70960,"Vegetables; fruits of the genus capsicum or of the genus pimenta, fresh or chilled",6,True,C00,TOTAL CPC,0,0,TOTAL MOT,8,kg,13956.833,True,-1,N/A,0.0,False,13956.833,True,0,False,,24280.884,24280.884,6,True,False,2022
C,A,20220101,2022,52,2022,524,NPL,Nepal,X,Export,826,GBR,United Kingdom,0,W00,World,H6,HS,True,70960,"Vegetables; fruits of the genus capsicum or of the genus pimenta, fresh or chilled",6,True,C00,TOTAL CPC,0,0,TOTAL MOT,8,kg,95.0,False,8,kg,95.0,False,95.0,False,0,False,,113.401,113.401,0,True,False,2022
C,A,20220101,2022,52,2022,528,NLD,Netherlands,X,Export,826,GBR,United Kingdom,0,W00,World,H6,HS,True,70960,"Vegetables; fruits of the genus capsicum or of the genus pimenta, fresh or chilled",6,True,C00,TOTAL CPC,0,0,TOTAL MOT,8,kg,109982789.0,False,8,kg,109982789.0,False,109957789.0,False,0,False,,261006490.478,261006490.478,0,True,False,2022
C,A,20220101,2022,52,2022,616,POL,Poland,X,Export,826,GBR,United Kingdom,0,W00,World,H6,HS,True,70960,"Vegetables; fruits of the genus capsicum or of the genus pimenta, fresh or chilled",6,True,C00,TOTAL CPC,0,0,TOTAL MOT,8,kg,1565981.0,False,8,kg,1565981.0,False,1565981.0,False,0,False,,2187654.0,2187654.0,0,True,False,2022
C,A,20220101,2022,52,2022,620,PRT,Portugal,X,Export,826,GBR,United Kingdom,0,W00,World,H6,HS,True,70960,"Vegetables; fruits of the genus capsicum or of the genus pimenta, fresh or chilled",6,True,C00,TOTAL CPC,0,0,TOTAL MOT,8,kg,206570.0,False,8,kg,206570.0,False,206570.0,False,0,False,,662838.297,662838.297,0,False,True,2022
C,A,20220101,2022,52,2022,642,ROU,Romania,X,Export,826,GBR,United Kingdom,0,W00,World,H6,HS,True,70960,"Vegetables; fruits of the genus capsicum or of the genus pimenta, fresh or chilled",6,True,C00,TOTAL CPC,0,0,TOTAL MOT,8,kg,13135.2,False,8,kg,13135.2,False,13135.2,False,0,False,,19873.96,19873.96,0,False,True,2022
C,A,20220101,2022,52,2022,646,RWA,Rwanda,X,Export,826,GBR,United Kingdom,0,W00,World,H4,HS,True,70960,"Vegetables; fruits of the genus capsicum or of the genus pimenta, fresh or chilled",6,True,C00,TOTAL CPC,0,0,TOTAL MOT,8,kg,76522.9,False,8,kg,76522.9,False,76522.9,False,0,False,0.0,262141.52,262141.52,0,True,False,2022
C,A,20220101,2022,52,2022,686,SEN,Senegal,X,Export,826,GBR,United Kingdom,0,W00,World,H6,HS,True,70960,"Vegetables; fruits of the genus capsicum or of the genus pimenta, fresh or chilled",6,True,C00,TOTAL CPC,0,0,TOTAL MOT,8,kg,837116.0,False,8,kg,837116.0,False,837116.0,False,0,False,,2104240.18,2104240.18,0,True,False,2022
C,A,20220101,2022,52,2022,699,IND,India,X,Export,826,GBR,United Kingdom,0,W00,World,H6,HS,True,70960,"Vegetables; fruits of the genus capsicum or of the genus pimenta, fresh or chilled",6,True,C00,TOTAL CPC,0,0,TOTAL MOT,8,kg,554158.0,False,8,kg,554158.0,False,554158.0,False,0,False,,975799.129,975799.129,0,True,False,2022
C,A,20220101,2022,52,2022,703,SVK,Slovakia,X,Export,826,GBR,United Kingdom,0,W00,World,H6,HS,True,70960,"Vegetables; fruits of the genus capsicum or of the genus pimenta, fresh or chilled",6,True,C00,TOTAL CPC,0,0,TOTAL MOT,8,kg,13562.0,False,8,kg,13562.0,False,13562.0,False,0,False,,28004.775,28004.775,0,False,True,2022
C,A,20220101,2022,52,2022,705,SVN,Slovenia,X,Export,826,GBR,United Kingdom,0,W00,World,H6,HS,True,70960,"Vegetables; fruits of the genus capsicum or of the genus pimenta, fresh or chilled",6,True,C00,TOTAL CPC,0,0,TOTAL MOT,8,kg,9790.0,False,8,kg,9790.0,False,9790.0,False,0,False,,30817.028,30817.028,0,False,True,2022
C,A,20220101,2022,52,2022,710,ZAF,South Africa,X,Export,826,GBR,United Kingdom,0,W00,World,H6,HS,True,70960,"Vegetables; fruits of the genus capsicum or of the genus pimenta, fresh or chilled",6,True,C00,TOTAL CPC,0,0,TOTAL MOT,8,kg,54818.09,False,8,kg,54818.09,False,54818.09,False,0,False,,308912.705,308912.705,0,False,True,2022
C,A,20220101,2022,52,2022,724,ESP,Spain,X,Export,826,GBR,United Kingdom,0,W00,World,H6,HS,True,70960,"Vegetables; fruits of the genus capsicum or of the genus pimenta, fresh or chilled",6,True,C00,TOTAL CPC,0,0,TOTAL MOT,8,kg,96197647.5,False,8,kg,96197647.5,False,96197647.5,False,0,False,,172085354.031,172085354.031,0,False,True,2022
C,A,20220101,2022,52,2022,764,THA,Thailand,X,Export,826,GBR,United Kingdom,0,W00,World,H6,HS,True,70960,"Vegetables; fruits of the genus capsicum or of the genus pimenta, fresh or chilled",6,True,C00,TOTAL CPC,0,0,TOTAL MOT,8,kg,82826.0,False,8,kg,82826.0,False,82826.0,False,0,False,,93378.534,93378.534,0,False,True,2022
C,A,20220101,2022,52,2022,792,TUR,Türkiye,X,Export,826,GBR,United Kingdom,0,W00,World,H6,HS,True,70960,"Vegetables; fruits of the genus capsicum or of the genus pimenta, fresh or chilled",6,True,C00,TOTAL CPC,0,0,TOTAL MOT,8,kg,5305657.0,False,8,kg,5305657.0,False,5305657.0,False,0,False,,9404613.0,9404613.0,0,False,True,2022
C,A,20220101,2022,52,2022,804,UKR,Ukraine,X,Export,826,GBR,United Kingdom,0,W00,World,H5,HS,True,70960,"Vegetables; fruits of the genus capsicum or of the genus pimenta, fresh or chilled",6,True,C00,TOTAL CPC,0,0,TOTAL MOT,8,kg,13.38,False,8,kg,13.38,False,13.38,False,0,False,,32.84,32.84,0,False,True,2022
C,A,20220101,2022,52,2022,818,EGY,Egypt,X,Export,826,GBR,United Kingdom,0,W00,World,H6,HS,True,70960,"Vegetables; fruits of the genus capsicum or of the genus pimenta, fresh or chilled",6,True,C00,TOTAL CPC,0,0,TOTAL MOT,8,kg,272270.765,True,-1,N/A,0.0,False,272270.765,True,0,False,,473673.0,473673.0,6,True,False,2022
C,A,20220101,2022,52,2022,842,USA,USA,X,Export,826,GBR,United Kingdom,0,W00,World,H6,HS,True,70960,"Vegetables; fruits of the genus capsicum or of the genus pimenta, fresh or chilled",6,True,C00,TOTAL CPC,0,0,TOTAL MOT,8,kg,7214.0,False,8,kg,7214.0,False,7214.0,False,0,False,,18148.0,18148.0,0,True,False,2022
C,A,20220101,2022,52,2022,858,URY,Uruguay,X,Export,826,GBR,United Kingdom,0,W00,World,H6,HS,True,70960,"Vegetables; fruits of the genus capsicum or of the genus pimenta, fresh or chilled",6,True,C00,TOTAL CPC,0,0,TOTAL MOT,8,kg,3417.0,False,8,kg,3417.0,False,3417.0,False,0,False,,16181.0,16181.0,0,False,True,2022
C,A,20230101,2023,52,2023,40,AUT,Austria,X,Export,826,GBR,United Kingdom,0,W00,World,H6,HS,True,70960,"Vegetables; fruits of the genus capsicum or of the genus pimenta, fresh or chilled",6,True,C00,TOTAL CPC,0,0,TOTAL MOT,8,kg,16536.0,False,8,kg,16536.0,False,16536.0,False,0,False,,42365.186,42365.186,0,True,False,2023
C,A,20230101,2023,52,2023,56,BEL,Belgium,X,Export,826,GBR,United Kingdom,0,W00,World,H6,HS,True,70960,"Vegetables; fruits of the genus capsicum or of the genus pimenta, fresh or chilled",6,True,C00,TOTAL CPC,0,0,TOTAL MOT,8,kg,4744539.17,False,8,kg,4744539.17,False,4744539.17,False,0,False,,9996335.502,9996335.502,0,True,False,2023
C,A,20230101,2023,52,2023,76,BRA,Brazil,X,Export,826,GBR,United Kingdom,0,W00,World,H6,HS,True,70960,"Vegetables; fruits of the genus capsicum or of the genus pimenta, fresh or chilled",6,True,C00,TOTAL CPC,0,0,TOTAL MOT,8,kg,24908.0,False,8,kg,24908.0,False,24908.0,False,0,False,,48398.0,48398.0,0,False,True,2023
C,A,20230101,2023,52,2023,100,BGR,Bulgaria,X,Export,826,GBR,United Kingdom,0,W00,World,H6,HS,True,70960,"Vegetables; fruits of the genus capsicum or of the genus pimenta, fresh or chilled",6,True,C00,TOTAL CPC,0,0,TOTAL MOT,8,kg,129886.0,False,8,kg,129886.0,False,129886.0,False,0,False,,442129.205,442129.205,0,False,True,2023
C,A,20230101,2023,52,2023,152,CHL,Chile,X,Export,826,GBR,United Kingdom,0,W00,World,H6,HS,True,70960,"Vegetables; fruits of the genus capsicum or of the genus pimenta, fresh or chilled",6,True,C00,TOTAL CPC,0,0,TOTAL MOT,8,kg,869.0,False,8,kg,869.0,False,869.0,False,0,False,,7234.0,7234.0,0,True,False,2023
C,A,20230101,2023,52,2023,203,CZE,Czechia,X,Export,826,GBR,United Kingdom,0,W00,World,H6,HS,True,70960,"Vegetables; fruits of the genus capsicum or of the genus pimenta, fresh or chilled",6,True,C00,TOTAL CPC,0,0,TOTAL MOT,8,kg,15.0,False,8,kg,15.0,False,15.0,False,0,False,,42.0,42.0,0,False,True,2023
C,A,20230101,2023,52,2023,208,DNK,Denmark,X,Export,826,GBR,United Kingdom,0,W00,World,H6,HS,True,70960,"Vegetables; fruits of the genus capsicum or of the genus pimenta, fresh or chilled",6,True,C00,TOTAL CPC,0,0,TOTAL MOT,8,kg,126.0,False,8,kg,126.0,False,126.0,False,0,False,,1067.971,1067.971,0,True,False,2023
C,A,20230101,2023,52,2023,214,DOM,Dominican Rep.,X,Export,826,GBR,United Kingdom,0,W00,World,H6,HS,True,70960,"Vegetables; fruits of the genus capsicum or of the genus pimenta, fresh or chilled",6,True,C00,TOTAL CPC,0,0,TOTAL MOT,8,kg,92208.77,False,8,kg,92208.77,False,92208.77,False,0,False,,227624.5,227624.5,0,True,False,2023
C,A,20230101,2023,52,2023,218,ECU,Ecuador,X,Export,826,GBR,United Kingdom,0,W00,World,H6,HS,True,70960,"Vegetables; fruits of the genus capsicum or of the genus pimenta, fresh or chilled",6,True,C00,TOTAL CPC,0,0,TOTAL MOT,-1,N/A,0.0,False,8,kg,0.03,False,,False,0,False,,265.5,265.5,0,True,False,2023
C,A,20230101,2023,52,2023,251,FRA,France,X,Export,826,GBR,United Kingdom,0,W00,World,H6,HS,True,70960,"Vegetables; fruits of the genus capsicum or of the genus pimenta, fresh or chilled",6,True,C00,TOTAL CPC,0,0,TOTAL MOT,8,kg,13894132.0,False,8,kg,13894132.0,False,13894132.0,False,0,False,,10209340.427,10209340.427,0,False,True,2023
C,A,20230101,2023,52,2023,270,GMB,Gambia,X,Export,826,GBR,United Kingdom,0,W00,World,H6,HS,True,70960,"Vegetables; fruits of the genus capsicum or of the genus pimenta, fresh or chilled",6,True,C00,TOTAL CPC,0,0,TOTAL MOT,8,kg,308768.0,False,8,kg,308768.0,False,308768.0,False,0,False,,219121.781,219121.781,0,True,False,2023
C,A,20230101,2023,52,2023,300,GRC,Greece,X,Export,826,GBR,United Kingdom,0,W00,World,H6,HS,True,70960,"Vegetables; fruits of the genus capsicum or of the genus pimenta, fresh or chilled",6,True,C00,TOTAL CPC,0,0,TOTAL MOT,8,kg,171932.0,False,8,kg,171932.0,False,171932.0,False,0,False,,553611.696,553611.696,0,False,True,2023
C,A,20230101,2023,52,2023,348,HUN,Hungary,X,Export,826,GBR,United Kingdom,0,W00,World,H6,HS,True,70960,"Vegetables; fruits of the genus capsicum or of the genus pimenta, fresh or chilled",6,True,C00,TOTAL CPC,0,0,TOTAL MOT,8,kg,16967.0,False,8,kg,16967.0,False,16967.0,False,0,False,,63026.835,63026.835,0,False,True,2023
C,A,20230101,2023,52,2023,372,IRL,Ireland,X,Export,826,GBR,United Kingdom,0,W00,World,H6,HS,True,70960,"Vegetables; fruits of the genus capsicum or of the genus pimenta, fresh or chilled",6,True,C00,TOTAL CPC,0,0,TOTAL MOT,8,kg,184875.0,False,8,kg,184875.0,False,184875.0,False,0,False,,674502.934,674502.934,0,True,False,2023
C,A,20230101,2023,52,2023,376,ISR,Israel,X,Export,826,GBR,United Kingdom,0,W00,World,H6,HS,True,70960,"Vegetables; fruits of the genus capsicum or of the genus pimenta, fresh or chilled",6,True,C00,TOTAL CPC,0,0,TOTAL MOT,8,kg,1445204.276,True,-1,N/A,0.0,False,1445204.276,True,0,False,,3233000.0,3233000.0,6,True,False,2023
C,A,20230101,2023,52,2023,380,ITA,Italy,X,Export,826,GBR,United Kingdom,0,W00,World,H6,HS,True,70960,"Vegetables; fruits of the genus capsicum or of the genus pimenta, fresh or chilled",6,True,C00,TOTAL CPC,0,0,TOTAL MOT,8,kg,211857.0,False,8,kg,211857.0,False,211857.0,False,0,False,,558309.808,558309.808,0,True,False,2023
C,A,20230101,2023,52,2023,388,JAM,Jamaica,X,Export,826,GBR,United Kingdom,0,W00,World,H6,HS,True,70960,"Vegetables; fruits of the genus capsicum or of the genus pimenta, fresh or chilled",6,True,C00,TOTAL CPC,0,0,TOTAL MOT,8,kg,270.0,False,8,kg,270.0,False,270.0,False,0,False,,1198.04,1198.04,0,True,False,2023
C,A,20230101,2023,52,2023,404,KEN,Kenya,X,Export,826,GBR,United Kingdom,0,W00,World,H6,HS,True,70960,"Vegetables; fruits of the genus capsicum or of the genus pimenta, fresh or chilled",6,True,C00,TOTAL CPC,0,0,TOTAL MOT,8,kg,272234.7,False,8,kg,272234.7,False,272234.7,False,0,False,,518131.698,518131.698,0,True,False,2023
C,A,20230101,2023,52,2023,422,LBN,Lebanon,X,Export,826,GBR,United Kingdom,0,W00,World,H5,HS,True,70960,"Vegetables; fruits of the genus capsicum or of the genus pimenta, fresh or chilled",6,True,C00,TOTAL CPC,0,0,TOTAL MOT,8,kg,405.972,True,-1,N/A,0.0,False,405.972,True,0,False,,1000.0,1000.0,6,True,False,2023
C,A,20230101,2023,52,2023,480,MUS,Mauritius,X,Export,826,GBR,United Kingdom,0,W00,World,H6,HS,True,70960,"Vegetables; fruits of the genus capsicum or of the genus pimenta, fresh or chilled",6,True,C00,TOTAL CPC,0,0,TOTAL MOT,8,kg,116.0,False,8,kg,116.0,False,42.0,False,0,False,,379.855,379.855,0,False,True,2023
C,A,20230101,2023,52,2023,504,MAR,Morocco,X,Export,826,GBR,United Kingdom,0,W00,World,H6,HS,True,70960,"Vegetables; fruits of the genus capsicum or of the genus pimenta, fresh or chilled",6,True,C00,TOTAL CPC,0,0,TOTAL MOT,8,kg,5011601.4,False,8,kg,5011601.4,False,5011601.4,False,0,False,,10336639.792,10336639.792,0,True,False,2023
C,A,20230101,2023,52,2023,512,OMN,Oman,X,Export,826,GBR,United Kingdom,0,W00,World,H6,HS,True,70960,"Vegetables; fruits of the genus capsicum or of the genus pimenta, fresh or chilled",6,True,C00,TOTAL CPC,0,0,TOTAL MOT,8,kg,56509.872,True,-1,N/A,0.0,False,56509.872,True,0,False,,139196.359,139196.359,6,True,False,2023
C,A,20230101,2023,52,2023,528,NLD,Netherlands,X,Export,826,GBR,United Kingdom,0,W00,World,H6,HS,True,70960,"Vegetables; fruits of the genus capsicum or of the genus pimenta, fresh or chilled",6,True,C00,TOTAL CPC,0,0,TOTAL MOT,8,kg,110489388.0,False,8,kg,110489388.0,False,110489388.0,False,0,False,,308205990.353,308205990.353,0,True,False,2023
C,A,20230101,2023,52,2023,579,NOR,Norway,X,Export,826,GBR,United Kingdom,0,W00,World,H6,HS,True,70960,"Vegetables; fruits of the genus capsicum or of the genus pimenta, fresh or chilled",6,True,C00,TOTAL CPC,0,0,TOTAL MOT,8,kg,80.0,False,8,kg,80.0,False,80.0,False,0,False,,620.794,620.794,0,False,True,2023
C,A,20230101,2023,52,2023,616,POL,Poland,X,Export,826,GBR,United Kingdom,0,W00,World,H6,HS,True,70960,"Vegetables; fruits of the genus capsicum or of the genus pimenta, fresh or chilled",6,True,C00,TOTAL CPC,0,0,TOTAL MOT,8,kg,1403918.0,False,8,kg,1403918.0,False,1403918.0,False,0,False,,2365617.0,2365617.0,0,True,False,2023
C,A,20230101,2023,52,2023,620,PRT,Portugal,X,Export,826,GBR,United Kingdom,0,W00,World,H6,HS,True,70960,"Vegetables; fruits of the genus capsicum or of the genus pimenta, fresh or chilled",6,True,C00,TOTAL CPC,0,0,TOTAL MOT,8,kg,273561.0,False,8,kg,273561.0,False,273561.0,False,0,False,,986200.239,986200.239,0,False,True,2023
C,A,20230101,2023,52,2023,642,ROU,Romania,X,Export,826,GBR,United Kingdom,0,W00,World,H6,HS,True,70960,"Vegetables; fruits of the genus capsicum or of the genus pimenta, fresh or chilled",6,True,C00,TOTAL CPC,0,0,TOTAL MOT,8,kg,50612.5,False,8,kg,50612.5,False,50612.5,False,0,False,,85700.82,85700.82,0,False,True,2023
C,A,20230101,2023,52,2023,686,SEN,Senegal,X,Export,826,GBR,United Kingdom,0,W00,World,H6,HS,True,70960,"Vegetables; fruits of the genus capsicum or of the genus pimenta, fresh or chilled",6,True,C00,TOTAL CPC,0,0,TOTAL MOT,8,kg,923487.0,False,8,kg,923487.0,False,923487.0,False,0,False,,2765913.61,2765913.61,0,True,False,2023
C,A,20230101,2023,52,2023,699,IND,India,X,Export,826,GBR,United Kingdom,0,W00,World,H6,HS,True,70960,"Vegetables; fruits of the genus capsicum or of the genus pimenta, fresh or chilled",6,True,C00,TOTAL CPC,0,0,TOTAL MOT,8,kg,806013.0,False,8,kg,806013.0,False,806013.0,False,0,False,,1219107.008,1219107.008,0,False,True,2023
C,A,20230101,2023,52,2023,703,SVK,Slovakia,X,Export,826,GBR,United Kingdom,0,W00,World,H6,HS,True,70960,"Vegetables; fruits of the genus capsicum or of the genus pimenta, fresh or chilled",6,True,C00,TOTAL CPC,0,0,TOTAL MOT,8,kg,10604.0,False,8,kg,10604.0,False,10604.0,False,0,False,,24571.829,24571.829,0,False,True,2023
C,A,20230101,2023,52,2023,704,VNM,Viet Nam,X,Export,826,GBR,United Kingdom,0,W00,World,H6,HS,True,70960,"Vegetables; fruits of the genus capsicum or of the genus pimenta, fresh or chilled",6,True,C00,TOTAL CPC,0,0,TOTAL MOT,8,kg,5264.785,True,-1,N/A,0.0,False,5264.785,True,0,False,,11777.608,11777.608,6,False,True,2023
C,A,20230101,2023,52,2023,710,ZAF,South Africa,X,Export,826,GBR,United Kingdom,0,W00,World,H6,HS,True,70960,"Vegetables; fruits of the genus capsicum or of the genus pimenta, fresh or chilled",6,True,C00,TOTAL CPC,0,0,TOTAL MOT,8,kg,18623.3,False,8,kg,18623.3,False,18623.3,False,0,False,,117952.423,117952.423,0,False,True,2023
C,A,20230101,2023,52,2023,724,ESP,Spain,X,Export,826,GBR,United Kingdom,0,W00,World,H6,HS,True,70960,"Vegetables; fruits of the genus capsicum or of the genus pimenta, fresh or chilled",6,True,C00,TOTAL CPC,0,0,TOTAL MOT,8,kg,99242462.9,False,8,kg,99242462.9,False,99242462.9,False,0,False,,212765440.342,212765440.342,0,False,True,2023
C,A,20230101,2023,52,2023,764,THA,Thailand,X,Export,826,GBR,United Kingdom,0,W00,World,H6,HS,True,70960,"Vegetables; fruits of the genus capsicum or of the genus pimenta, fresh or chilled",6,True,C00,TOTAL CPC,0,0,TOTAL MOT,8,kg,150514.0,False,8,kg,150514.0,False,150514.0,False,0,False,,153446.735,153446.735,0,False,True,2023
C,A,20230101,2023,52,2023,784,ARE,United Arab Emirates,X,Export,826,GBR,United Kingdom,0,W00,World,H6,HS,True,70960,"Vegetables; fruits of the genus capsicum or of the genus pimenta, fresh or chilled",6,True,C00,TOTAL CPC,0,0,TOTAL MOT,8,kg,224.0,False,8,kg,224.0,False,224.0,False,0,False,,804.466,804.466,0,True,False,2023
C,A,20230101,2023,52,2023,792,TUR,Türkiye,X,Export,826,GBR,United Kingdom,0,W00,World,H6,HS,True,70960,"Vegetables; fruits of the genus capsicum or of the genus pimenta, fresh or chilled",6,True,C00,TOTAL CPC,0,0,TOTAL MOT,8,kg,6182340.0,False,8,kg,6182340.0,False,6182340.0,False,0,False,,11693926.0,11693926.0,0,False,True,2023
C,A,20230101,2023,52,2023,800,UGA,Uganda,X,Export,826,GBR,United Kingdom,0,W00,World,H6,HS,True,70960,"Vegetables; fruits of the genus capsicum or of the genus pimenta, fresh or chilled",6,True,C00,TOTAL CPC,0,0,TOTAL MOT,8,kg,107751.0,False,8,kg,107751.0,False,107751.0,False,0,False,,280702.61,280702.61,0,True,False,2023
C,A,20230101,2023,52,2023,804,UKR,Ukraine,X,Export,826,GBR,United Kingdom,0,W00,World,H6,HS,True,70960,"Vegetables; fruits of the genus capsicum or of the genus pimenta, fresh or chilled",6,True,C00,TOTAL CPC,0,0,TOTAL MOT,8,kg,10.0,False,8,kg,10.0,False,10.0,False,0,False,,63.72,63.72,0,True,False,2023
C,A,20230101,2023,52,2023,818,EGY,Egypt,X,Export,826,GBR,United Kingdom,0,W00,World,H6,HS,True,70960,"Vegetables; fruits of the genus capsicum or of the genus pimenta, fresh or chilled",6,True,C00,TOTAL CPC,0,0,TOTAL MOT,8,kg,182522.299,True,-1,N/A,0.0,False,182522.299,True,0,False,,408312.239,408312.239,6,True,False,2023
C,A,20230101,2023,52,2023,834,TZA,United Rep. of Tanzania,X,Export,826,GBR,United Kingdom,0,W00,World,H6,HS,True,70960,"Vegetables; fruits of the genus capsicum or of the genus pimenta, fresh or chilled",6,True,C00,TOTAL CPC,0,0,TOTAL MOT,8,kg,3987.4,False,8,kg,3987.4,False,5387.4,False,0,False,,14213.36,14213.36,0,False,True,2023
C,A,20230101,2023,52,2023,858,URY,Uruguay,X,Export,826,GBR,United Kingdom,0,W00,World,H6,HS,True,70960,"Vegetables; fruits of the genus capsicum or of the genus pimenta, fresh or chilled",6,True,C00,TOTAL CPC,0,0,TOTAL MOT,8,kg,3276.52,False,8,kg,3276.52,False,3276.52,False,0,False,,14223.0,14223.0,0,False,True,2023
C,A,20240101,2024,52,2024,56,BEL,Belgium,X,Export,826,GBR,United Kingdom,0,W00,World,H6,HS,True,70960,"Vegetables; fruits of the genus capsicum or of the genus pimenta, fresh or chilled",6,True,C00,TOTAL CPC,0,0,TOTAL MOT,8,kg,6590460.75,False,8,kg,6590460.75,False,6590460.75,False,0,False,,13695372.55,13695372.55,0,True,False,2024
C,A,20240101,2024,52,2024,76,BRA,Brazil,X,Export,826,GBR,United Kingdom,0,W00,World,H6,HS,True,70960,"Vegetables; fruits of the genus capsicum or of the genus pimenta, fresh or chilled",6,True,C00,TOTAL CPC,0,0,TOTAL MOT,8,kg,3403.0,False,8,kg,3403.0,False,3403.0,False,0,False,,12542.0,12542.0,0,False,True,2024
C,A,20240101,2024,52,2024,100,BGR,Bulgaria,X,Export,826,GBR,United Kingdom,0,W00,World,H6,HS,True,70960,"Vegetables; fruits of the genus capsicum or of the genus pimenta, fresh or chilled",6,True,C00,TOTAL CPC,0,0,TOTAL MOT,8,kg,136778.0,False,8,kg,136778.0,False,136778.0,False,0,False,,504962.357,504962.357,0,False,True,2024
C,A,20240101,2024,52,2024,144,LKA,Sri Lanka,X,Export,826,GBR,United Kingdom,0,W00,World,H6,HS,True,70960,"Vegetables; fruits of the genus capsicum or of the genus pimenta, fresh or chilled",6,True,C00,TOTAL CPC,0,0,TOTAL MOT,8,kg,20.0,False,8,kg,20.0,False,20.0,False,0,False,,328.279,328.279,0,True,False,2024
C,A,20240101,2024,52,2024,214,DOM,Dominican Rep.,X,Export,826,GBR,United Kingdom,0,W00,World,H6,HS,True,70960,"Vegetables; fruits of the genus capsicum or of the genus pimenta, fresh or chilled",6,True,C00,TOTAL CPC,0,0,TOTAL MOT,8,kg,98553.85,False,8,kg,98553.85,False,105881.55,False,0,False,,347870.793,347870.793,0,False,True,2024
C,A,20240101,2024,52,2024,218,ECU,Ecuador,X,Export,826,GBR,United Kingdom,0,W00,World,H6,HS,True,70960,"Vegetables; fruits of the genus capsicum or of the genus pimenta, fresh or chilled",6,True,C00,TOTAL CPC,0,0,TOTAL MOT,8,kg,58.0,False,8,kg,58.0,False,50.0,False,0,False,,354.0,354.0,0,False,True,2024
C,A,20240101,2024,52,2024,251,FRA,France,X,Export,826,GBR,United Kingdom,0,W00,World,H6,HS,True,70960,"Vegetables; fruits of the genus capsicum or of the genus pimenta, fresh or chilled",6,True,C00,TOTAL CPC,0,0,TOTAL MOT,8,kg,5699980.0,False,8,kg,5699980.0,False,5699980.0,False,0,False,,10915249.513,10915249.513,0,False,True,2024
C,A,20240101,2024,52,2024,276,DEU,Germany,X,Export,826,GBR,United Kingdom,0,W00,World,H6,HS,True,70960,"Vegetables; fruits of the genus capsicum or of the genus pimenta, fresh or chilled",6,True,C00,TOTAL CPC,0,0,TOTAL MOT,8,kg,105.0,False,8,kg,105.0,False,105.0,False,0,False,,376.187,376.187,0,False,True,2024
C,A,20240101,2024,52,2024,300,GRC,Greece,X,Export,826,GBR,United Kingdom,0,W00,World,H6,HS,True,70960,"Vegetables; fruits of the genus capsicum or of the genus pimenta, fresh or chilled",6,True,C00,TOTAL CPC,0,0,TOTAL MOT,8,kg,128995.0,False,8,kg,128995.0,False,128995.0,False,0,False,,431492.053,431492.053,0,False,True,2024
C,A,20240101,2024,52,2024,340,HND,Honduras,X,Export,826,GBR,United Kingdom,0,W00,World,H6,HS,True,70960,"Vegetables; fruits of the genus capsicum or of the genus pimenta, fresh or chilled",6,True,C00,TOTAL CPC,0,0,TOTAL MOT,8,kg,3402.0,False,8,kg,3402.0,False,3402.0,False,0,False,,9564.48,9564.48,0,True,False,2024
C,A,20240101,2024,52,2024,348,HUN,Hungary,X,Export,826,GBR,United Kingdom,0,W00,World,H6,HS,True,70960,"Vegetables; fruits of the genus capsicum or of the genus pimenta, fresh or chilled",6,True,C00,TOTAL CPC,0,0,TOTAL MOT,8,kg,34770.0,False,8,kg,34770.0,False,34770.0,False,0,False,,107226.846,107226.846,0,False,True,2024
C,A,20240101,2024,52,2024,352,ISL,Iceland,X,Export,826,GBR,United Kingdom,0,W00,World,H6,HS,True,70960,"Vegetables; fruits of the genus capsicum or of the genus pimenta, fresh or chilled",6,True,C00,TOTAL CPC,0,0,TOTAL MOT,8,kg,1.0,False,8,kg,1.0,False,1.0,False,0,False,,35.417,35.417,0,True,False,2024
C,A,20240101,2024,52,2024,372,IRL,Ireland,X,Export,826,GBR,United Kingdom,0,W00,World,H6,HS,True,70960,"Vegetables; fruits of the genus capsicum or of the genus pimenta, fresh or chilled",6,True,C00,TOTAL CPC,0,0,TOTAL MOT,8,kg,250068.0,False,8,kg,250068.0,False,250068.0,False,0,False,,816373.556,816373.556,0,True,False,2024
C,A,20240101,2024,52,2024,376,ISR,Israel,X,Export,826,GBR,United Kingdom,0,W00,World,H6,HS,True,70960,"Vegetables; fruits of the genus capsicum or of the genus pimenta, fresh or chilled",6,True,C00,TOTAL CPC,0,0,TOTAL MOT,8,kg,1412990.0,False,8,kg,1412990.0,False,1412990.0,False,0,False,,3979000.0,3979000.0,0,True,False,2024
C,A,20240101,2024,52,2024,380,ITA,Italy,X,Export,826,GBR,United Kingdom,0,W00,World,H6,HS,True,70960,"Vegetables; fruits of the genus capsicum or of the genus pimenta, fresh or chilled",6,True,C00,TOTAL CPC,0,0,TOTAL MOT,8,kg,136481.0,False,8,kg,136481.0,False,136481.0,False,0,False,,367756.971,367756.971,0,True,False,2024
C,A,20240101,2024,52,2024,388,JAM,Jamaica,X,Export,826,GBR,United Kingdom,0,W00,World,H6,HS,True,70960,"Vegetables; fruits of the genus capsicum or of the genus pimenta, fresh or chilled",6,True,C00,TOTAL CPC,0,0,TOTAL MOT,8,kg,3380.81,False,8,kg,3380.81,False,3380.81,False,0,False,,15228.0,15228.0,0,False,True,2024
C,A,20240101,2024,52,2024,404,KEN,Kenya,X,Export,826,GBR,United Kingdom,0,W00,World,H6,HS,True,70960,"Vegetables; fruits of the genus capsicum or of the genus pimenta, fresh or chilled",6,True,C00,TOTAL CPC,0,0,TOTAL MOT,8,kg,446336.0,False,8,kg,446336.0,False,446336.0,False,0,False,,495769.495,495769.495,0,True,False,2024
C,A,20240101,2024,52,2024,480,MUS,Mauritius,X,Export,826,GBR,United Kingdom,0,W00,World,H6,HS,True,70960,"Vegetables; fruits of the genus capsicum or of the genus pimenta, fresh or chilled",6,True,C00,TOTAL CPC,0,0,TOTAL MOT,8,kg,13.0,False,8,kg,13.0,False,13.0,False,0,False,,64.524,64.524,0,False,True,2024
C,A,20240101,2024,52,2024,484,MEX,Mexico,X,Export,826,GBR,United Kingdom,0,W00,World,H6,HS,True,70960,"Vegetables; fruits of the genus capsicum or of the genus pimenta, fresh or chilled",6,True,C00,TOTAL CPC,0,0,TOTAL MOT,8,kg,6750.0,False,8,kg,6750.0,False,6750.0,False,0,False,,11716.0,11716.0,0,False,True,2024
C,A,20240101,2024,52,2024,504,MAR,Morocco,X,Export,826,GBR,United Kingdom,0,W00,World,H6,HS,True,70960,"Vegetables; fruits of the genus capsicum or of the genus pimenta, fresh or chilled",6,True,C00,TOTAL CPC,0,0,TOTAL MOT,8,kg,8089630.3,False,8,kg,8089630.3,False,8089630.3,False,0,False,,16819914.43,16819914.43,0,False,True,2024
C,A,20240101,2024,52,2024,508,MOZ,Mozambique,X,Export,826,GBR,United Kingdom,0,W00,World,H6,HS,True,70960,"Vegetables; fruits of the genus capsicum or of the genus pimenta, fresh or chilled",6,True,C00,TOTAL CPC,0,0,TOTAL MOT,8,kg,25.0,False,8,kg,25.0,False,25.0,False,0,False,,47.5,47.5,0,False,True,2024
C,A,20240101,2024,52,2024,512,OMN,Oman,X,Export,826,GBR,United Kingdom,0,W00,World,H6,HS,True,70960,"Vegetables; fruits of the genus capsicum or of the genus pimenta, fresh or chilled",6,True,C00,TOTAL CPC,0,0,TOTAL MOT,8,kg,192516.722,True,-1,N/A,0.0,False,192516.722,True,0,False,,445901.17,445901.17,6,False,True,2024
C,A,20240101,2024,52,2024,528,NLD,Netherlands,X,Export,826,GBR,United Kingdom,0,W00,World,H6,HS,True,70960,"Vegetables; fruits of the genus capsicum or of the genus pimenta, fresh or chilled",6,True,C00,TOTAL CPC,0,0,TOTAL MOT,8,kg,109146702.0,False,8,kg,109146702.0,False,109146702.0,False,0,False,,303834549.173,303834549.173,0,True,False,2024
C,A,20240101,2024,52,2024,616,POL,Poland,X,Export,826,GBR,United Kingdom,0,W00,World,H6,HS,True,70960,"Vegetables; fruits of the genus capsicum or of the genus pimenta, fresh or chilled",6,True,C00,TOTAL CPC,0,0,TOTAL MOT,8,kg,1985668.0,False,8,kg,1985668.0,False,1985668.0,False,0,False,,3017600.0,3017600.0,0,True,False,2024
C,A,20240101,2024,52,2024,620,PRT,Portugal,X,Export,826,GBR,United Kingdom,0,W00,World,H6,HS,True,70960,"Vegetables; fruits of the genus capsicum or of the genus pimenta, fresh or chilled",6,True,C00,TOTAL CPC,0,0,TOTAL MOT,8,kg,340845.0,False,8,kg,340845.0,False,340845.0,False,0,False,,1179163.259,1179163.259,0,False,True,2024
C,A,20240101,2024,52,2024,642,ROU,Romania,X,Export,826,GBR,United Kingdom,0,W00,World,H6,HS,True,70960,"Vegetables; fruits of the genus capsicum or of the genus pimenta, fresh or chilled",6,True,C00,TOTAL CPC,0,0,TOTAL MOT,8,kg,37205.8,False,8,kg,37205.8,False,37205.8,False,0,False,,76669.17,76669.17,0,False,True,2024
C,A,20240101,2024,52,2024,686,SEN,Senegal,X,Export,826,GBR,United Kingdom,0,W00,World,H6,HS,True,70960,"Vegetables; fruits of the genus capsicum or of the genus pimenta, fresh or chilled",6,True,C00,TOTAL CPC,0,0,TOTAL MOT,8,kg,1048240.0,False,8,kg,1048240.0,False,1048240.0,False,0,False,,3079430.233,3079430.233,0,True,False,2024
C,A,20240101,2024,52,2024,699,IND,India,X,Export,826,GBR,United Kingdom,0,W00,World,H6,HS,True,70960,"Vegetables; fruits of the genus capsicum or of the genus pimenta, fresh or chilled",6,True,C00,TOTAL CPC,0,0,TOTAL MOT,8,kg,603481.0,False,8,kg,603481.0,False,603481.0,False,0,False,,1159848.538,1159848.538,0,False,True,2024
C,A,20240101,2024,52,2024,703,SVK,Slovakia,X,Export,826,GBR,United Kingdom,0,W00,World,H6,HS,True,70960,"Vegetables; fruits of the genus capsicum or of the genus pimenta, fresh or chilled",6,True,C00,TOTAL CPC,0,0,TOTAL MOT,8,kg,10095.0,False,8,kg,10095.0,False,10095.0,False,0,False,,26002.026,26002.026,0,False,True,2024
C,A,20240101,2024,52,2024,710,ZAF,South Africa,X,Export,826,GBR,United Kingdom,0,W00,World,H6,HS,True,70960,"Vegetables; fruits of the genus capsicum or of the genus pimenta, fresh or chilled",6,True,C00,TOTAL CPC,0,0,TOTAL MOT,8,kg,51202.28,False,8,kg,51202.28,False,51202.28,False,0,False,,294128.2,294128.2,0,False,True,2024
C,A,20240101,2024,52,2024,724,ESP,Spain,X,Export,826,GBR,United Kingdom,0,W00,World,H6,HS,True,70960,"Vegetables; fruits of the genus capsicum or of the genus pimenta, fresh or chilled",6,True,C00,TOTAL CPC,0,0,TOTAL MOT,8,kg,110196700.2,False,8,kg,110196700.2,False,110196700.2,False,0,False,,235655994.192,235655994.192,0,False,True,2024
C,A,20240101,2024,52,2024,764,THA,Thailand,X,Export,826,GBR,United Kingdom,0,W00,World,H6,HS,True,70960,"Vegetables; fruits of the genus capsicum or of the genus pimenta, fresh or chilled",6,True,C00,TOTAL CPC,0,0,TOTAL MOT,8,kg,24861.0,False,8,kg,24861.0,False,24861.0,False,0,False,,49688.83,49688.83,0,False,True,2024
C,A,20240101,2024,52,2024,792,TUR,Türkiye,X,Export,826,GBR,United Kingdom,0,W00,World,H6,HS,True,70960,"Vegetables; fruits of the genus capsicum or of the genus pimenta, fresh or chilled",6,True,C00,TOTAL CPC,0,0,TOTAL MOT,8,kg,5738398.0,False,8,kg,5738398.0,False,5738398.0,False,0,False,,13277776.0,13277776.0,0,False,True,2024
C,A,20240101,2024,52,2024,800,UGA,Uganda,X,Export,826,GBR,United Kingdom,0,W00,World,H6,HS,True,70960,"Vegetables; fruits of the genus capsicum or of the genus pimenta, fresh or chilled",6,True,C00,TOTAL CPC,0,0,TOTAL MOT,8,kg,768527.0,False,8,kg,768527.0,False,768527.0,False,0,False,,2219610.11,2219610.11,0,True,False,2024
C,A,20240101,2024,52,2024,804,UKR,Ukraine,X,Export,826,GBR,United Kingdom,0,W00,World,H6,HS,True,70960,"Vegetables; fruits of the genus capsicum or of the genus pimenta, fresh or chilled",6,True,C00,TOTAL CPC,0,0,TOTAL MOT,8,kg,67.036,False,8,kg,67.036,False,67.036,False,0,False,,293.43,293.43,0,False,True,2024
C,A,20240101,2024,52,2024,818,EGY,Egypt,X,Export,826,GBR,United Kingdom,0,W00,World,H6,HS,True,70960,"Vegetables; fruits of the genus capsicum or of the genus pimenta, fresh or chilled",6,True,C00,TOTAL CPC,0,0,TOTAL MOT,8,kg,158715.201,True,-1,N/A,0.0,False,158715.201,True,0,False,,394833.126,394833.126,6,True,False,2024
C,A,20240101,2024,52,2024,834,TZA,United Rep. of Tanzania,X,Export,826,GBR,United Kingdom,0,W00,World,H6,HS,True,70960,"Vegetables; fruits of the genus capsicum or of the genus pimenta, fresh or chilled",6,True,C00,TOTAL CPC,0,0,TOTAL MOT,8,kg,4974.4,False,8,kg,4974.4,False,4974.4,False,0,False,,7765.119,7765.119,0,False,True,2024
C,A,20240101,2024,52,2024,858,URY,Uruguay,X,Export,826,GBR,United Kingdom,0,W00,World,H6,HS,True,70960,"Vegetables; fruits of the genus capsicum or of the genus pimenta, fresh or chilled",6,True,C00,TOTAL CPC,0,0,TOTAL MOT,8,kg,3819.0,False,8,kg,3819.0,False,3819.0,False,0,False,,23506.0,23506.0,0,True,False,2024
C,A,20250101,2025,52,2025,76,BRA,Brazil,X,Export,826,GBR,United Kingdom,0,W00,World,H6,HS,True,70960,"Vegetables; fruits of the genus capsicum or of the genus pimenta, fresh or chilled",6,True,C00,TOTAL CPC,0,0,TOTAL MOT,8,kg,2984.0,False,8,kg,2984.0,False,2982.0,False,0,False,,10292.0,10292.0,0,False,True,2025
C,A,20250101,2025,52,2025,222,SLV,El Salvador,X,Export,826,GBR,United Kingdom,0,W00,World,H6,HS,True,70960,"Vegetables; fruits of the genus capsicum or of the genus pimenta, fresh or chilled",6,True,C00,TOTAL CPC,0,0,TOTAL MOT,8,kg,82.67,False,8,kg,82.67,False,82.67,False,0,False,,1080.0,1080.0,0,True,False,2025
C,A,20250101,2025,52,2025,348,HUN,Hungary,X,Export,826,GBR,United Kingdom,0,W00,World,H6,HS,True,70960,"Vegetables; fruits of the genus capsicum or of the genus pimenta, fresh or chilled",6,True,C00,TOTAL CPC,0,0,TOTAL MOT,8,kg,18497.0,False,8,kg,18497.0,False,20635.0,False,0,False,,76774.6,76774.6,0,False,True,2025
C,A,20250101,2025,52,2025,380,ITA,Italy,X,Export,826,GBR,United Kingdom,0,W00,World,H6,HS,True,70960,"Vegetables; fruits of the genus capsicum or of the genus pimenta, fresh or chilled",6,True,C00,TOTAL CPC,0,0,TOTAL MOT,8,kg,224202.0,False,8,kg,224202.0,False,224202.0,False,0,False,,620763.012,620763.012,0,True,False,2025
C,A,20250101,2025,52,2025,528,NLD,Netherlands,X,Export,826,GBR,United Kingdom,0,W00,World,H6,HS,True,70960,"Vegetables; fruits of the genus capsicum or of the genus pimenta, fresh or chilled",6,True,C00,TOTAL CPC,0,0,TOTAL MOT,8,kg,111616374.0,False,8,kg,111616374.0,False,111616374.0,False,0,False,,326211130.76,326211130.76,0,True,False,2025
C,A,20250101,2025,52,2025,620,PRT,Portugal,X,Export,826,GBR,United Kingdom,0,W00,World,H6,HS,True,70960,"Vegetables; fruits of the genus capsicum or of the genus pimenta, fresh or chilled",6,True,C00,TOTAL CPC,0,0,TOTAL MOT,8,kg,311605.0,False,8,kg,311605.0,False,311605.0,False,0,False,,1192095.806,1192095.806,0,False,True,2025
C,A,20250101,2025,52,2025,642,ROU,Romania,X,Export,826,GBR,United Kingdom,0,W00,World,H6,HS,True,70960,"Vegetables; fruits of the genus capsicum or of the genus pimenta, fresh or chilled",6,True,C00,TOTAL CPC,0,0,TOTAL MOT,8,kg,77229.0,False,8,kg,77229.0,False,77229.0,False,0,False,,157658.91,157658.91,0,False,True,2025
C,A,20250101,2025,52,2025,710,ZAF,South Africa,X,Export,826,GBR,United Kingdom,0,W00,World,H6,HS,True,70960,"Vegetables; fruits of the genus capsicum or of the genus pimenta, fresh or chilled",6,True,C00,TOTAL CPC,0,0,TOTAL MOT,8,kg,145123.0,False,8,kg,145123.0,False,145123.0,False,0,False,,871123.503,871123.503,0,False,True,2025
